{
"training_data": {
"x1": [1, 4, 6, 2, 2.5, 0.01, -9.25, -0.5, 3.125],
 "x2": [1, -10, 50, 15, -30, 41, 6.5, 0, -0.1],
 "y": [2.8, 14, 8, 3, 13.5, -8.17, -29.05, -1.5, 9.395],
 "etha": 0.001,
"running_index": 100
},
"neural_network_configuration": {
"w": [2.999999985954973, -0.2000000005184951]
},
"to_classify": {
"x1": [5.5, 7.125, 0, 1.23, 6.4, -5.1],
 "x2": [1.6, 5.555, -9.07, 0.9, 1.7, 10],
 "y": [16.17999992192276, 20.263999897048944, 1.8140000047027505, 3.5099999822579715, 18.859999909230385]
}
}